name,ratings,date,helpful,comment,developer_comment
김재규,5,2020-09-06,546,"장바구니에 있는 목록들의 순서를 이동, 변경할 수 있게 해주면 좋겠습니다. 장바구니에 담은 시간 순서로 되어 있어서 비슷한 물품이 아래 위 여기저기 있을 때 선택하는 데 불편이 있습니다. .....그리고 힌가지... 여기에 써봐야 개발자나 고객의견 전달자는 전혀 안 보는 건가요?",
Hyunwoo Lee,5,2020-08-25,196,"[2020-8-25]개선된 UI에 만족하며 SSG, 이마트몰, 트레이더스, 새벽배송 모두 똑같은 앱으로 공통화한 부분은 고객 만족도에 좋아보입니다. 추가적인 건의사항드립니다 1. 베스트 랭킹이 이게 진짜 베스트인지 의문의 조금 드는 리스트던데 확인부탁드려요. 어떤 메커니즘으로 동작하는지.2. 또한 대부분의 쇼핑몰은 앱 설치시 추가 혜택을 줘서 앱설치를 강제화 합니다. 3.뽐뿌 핫딜을 통해 주로 사용하는 쇼핑몰을 고르는 경우가 많습니다. 신선배송의 경우는 경쟁력이 있는데 일반 쇼핑몰의 경우 경쟁력있는 핫딜 제품으로 뽐뿌 등을 통해 앱설치 유인을 하면 신선배송과 쇼핑몰 양쪽으로 윈윈이 되지 않을까 생각됩니다. [2020-7-26] 개발자,주주, 사용자로서 건의드립니다. 앱이 기능적으로는 좋으나 너무 많은 기능이 난잡한 것이 단점입니다. 사용자는 이마트몰인지 트레이더스 몰인지 크게 상관없이 물건을 구입라는것에만 관심이 있습니다. 그런관계로 다양하게 벌려져있는 몰들을 통합하고 기능들을 통합",
선교한국TV,5,2020-09-24,4,앱 사용은 만족합니다. 다만 일부 배송 기사가 골목길이라고 집까지 배송 안해줘서 무척 힘들었습니다.,
림행크,1,2020-10-01,0,그지같은 사기꾼들 의자사고 배송비때문에 물같이 샀더니. 물만 오고 의자는 없네 그러고 나서 배송완료... 4만원짜리 물 샀네... 더러워서 이제 이용안한다 뭐 추가적인 연락도 없고,
Weddbs Qor,1,2020-09-20,18,쿠팡 쓰다 이거 쓰니 속터짐. 앱만 하나지 이마트니 신세계니 해서 중복되는 상품들 나와서 검색도 오래걸리고.. 여러개 쇼칭몰을 대충 하나로 묶으면 통합인가.. 사용자가 상품 사기 쉬워야 통합이지,
이인동,5,2020-09-08,9,검색 -> 피코크 공식 스토어 -> MD's pick의 더보기 클릭 시 크래시 나면서 앱 종료됩니다(로그인 여부 무관). 수정 부탁드려요~,
박을순,1,2020-08-12,97,업데이트가 잘못된건지 상품 검색이 안되는게 많아서 구매하기가 매우 불편합니다 자주 이용하는데 지금은 타 쇼핑몰에서 구매합니다,
Ga Yeon Jung,2,2020-09-14,4,앱 아이콘 옆에 빨간색으로 숫자 1이 계속 떠있는데 이것 좀 없애주세요 알림 뜬거 다 확인했는데도 남아있어서 넘 불편해요ㅜㅠ,
Hong Yoon,5,2020-08-02,26,앱 UX가 심플하게 바뀌었네요. 예전과는 많이 달라졌는데 더 편해진 듯합니다.,
김공주,2,2020-08-01,39,미국에서 발행한 Chase 카드로 결제 하려니 결재가 안됩니다. 하.. G마켓도 결재 잘되는데 신세계가 결재가 안되는게 이해가 안되네요. 도대체 왜죠?,
min seo,1,2020-08-10,20,신선식품이 첫페이지에 나왔으면 좋겠어요. 신선식품이 최고 경쟁력인데.. 조잡해 보이지 않게 심플하게 개편해주세요.,
구름,4,2020-07-19,152,"배송 시간도 예약할 수 있고 이것저것 상품도 많아서 좋긴 한데.. 개인적으론 1. 후기 작성 수를 더 늘려주셨음 좋겠어요. 아무리 많이 구입해도 20개 작성하면 더 이상 쓱 머니를 받을 수 없으니 아쉬워요 ㅜㅜ 최소 10개라도 늘려주셨음 좋겠네요.. 2. 등급별 혜택에서 5%할인 쿠폰과 무료배송쿠폰 중 하나를 선택하게 해줬음 좋겠습니다. 쿠폰은 3만 원 이상 사지 않으면 못쓰니 차라리 무료배송 쿠폰을 더 주셨음 해요. 3. 고객센터 톡이 자꾸 네트워크 불안정이라고 뜹니다. 몇 달전부터 계속 이러는데 최대한 빨리 고쳐주시면 감사하겠습니다. 4. 상품 볼 때 쓱배송이랑 신세계, 트레이더스?몰 따로 따로 볼 수 있어서 좋았는데 없어져서 상품 보기가 불편해요. 이것도 다시 예전으로 돌아갔으면 하는 바람입니다.",
류경희,4,2020-08-06,16,사용 디자인이 많이 바뀌어서 불편합니다.,
Hun Choi,1,2020-08-25,4,하루 3번 자동으로 실행되는 세계 최악의앱 어떤 권한없이도 자동실행ㅋ,
김종민,4,2020-08-15,4,간편하고 사용하기 편리하다,
jeongnim Yu,1,2020-04-16,99,"본인인증이 왜 안됩니까? 앱카드로 해도 안되요, 전화번호로 해도 안되요~ 다른데서는 잘만 되는 인증에 결제가 앱시작하자마자 로그인부터 막혀서 그냥 지웁니다. 마켓컬리랑 번갈아가며 쓰려했는데 로그인부터 도루묵이예요아주 차라리 그냥 이마트를 가는게 이 엡으로 쇼핑하는거 보다 나을듯",
die bad,2,2020-08-02,7,클립할인 메뉴 어디 갔나요ㅡㅡ 젤 유용하게 쓰는 기능인데 클립해놓고 가격 떨어지는거 보고 주문하는 맛으로 사용하는데 클립할인 되돌려주세요,
멜론,1,2020-09-08,0,헉.쿠팡 이용하다가 배송이 넘 맘에 안들어서.바꿔보려고 가격비교해보니.어이없네.공산품 가격을 예로들면.이과수커피 100그램.2통산가격.쿠팡9900원와우회원 Ssg한통 배송비까지9800정도.그냥 쿠팡으로 간다.모르면 이용하겠지만.알고는 못바꾸겠네.,
메타메타몽몽,1,2020-05-10,127,자꾸 자동으로 이 앱의 스토어창이 최근 사용한 어플리케이션 목록에 뜹니다. 홈 버튼 왼쪽의 버튼을 누르면 뜨는 그 목록이요. 무단 광고 아닌가요? 저만 겪는 현상도 아닌듯하니 히루빨리 고챠두시면 감사하겠습니다,
SJ H,3,2020-04-30,56,"오늘 처음 들어가봤는데...UI UX가 너무 불편하게 생겼어요. 쿠팡 경쟁사라고 하는데, 너무 비교됩니다. 추후에라도 개선해서 사용자들에게 편리하게 쇼핑할 수 있도록 해주면 좋을 것 같습니다.",
Aw K,4,2020-04-28,19,"푸쉬알람 설정, 핸드폰 시스템상의 알람설정, 카카오톡 알람 등등 모두 다 변경하고 수정해도 입고알림이 안오네요.....",
kyeongeun hwang,5,2020-08-21,3,쇼핑하기 편리해요.,
Alan S,1,2020-04-29,18,어플이 너무 복잡하네요 조금 더 심플하게 디자인하면 좋을거 같아요 처음 들어가면 너무 정신사납습니다,
원롤빵,1,2020-05-21,23,심각하게 앱 편의성 떨어지고 상품권전환 등록해논건 에러나서 사용을 못함 감당을 못하면 받지를 말던가 그냥일반결제랑 같이되게 하면될걸 감당못해서 소비자 시간낭비 오지게 시키네,
ᄋᄋ,1,2020-08-17,3,왜 결제할 때 새마을금고 카드는 없음?차별?머임? 돈을 준다는데 낼 수가 없네,
삼석우,5,2020-05-19,27,휴대폰 쇼핑 겨우 백화점부터 아울렛까지 다양한 상품 정보에 대만족~,
열후,1,2020-06-15,26,너무 별로에요 신발하나 주문하려는데 앱도 느리고 오류도 너무 떠요 다시는 다시는 이용 안하겠습니다,
김동현,1,2020-04-20,8,본인인증도 안되고 답답해 죽겠네요 화면도 깨져서 나오고 편의성 제로네요,
jin K,1,2020-08-24,0,뭔놈의 어플이결제가안됨? 심지어 고객센터는 하자있는것도 알고있음ㅋㅋ,
이율,1,2020-07-28,16,쿠팡하고 너무 비교됩니다...너무 난잡하고 불편합니다..그렇다고 가격 경쟁력도 없고...안타깝네요..,
sol sol,1,2020-05-31,12,로그인이왜안되요?일치하는회원정보가없다니,
장희정,5,2020-06-06,18,"빠른배송,가격대비 좋고요 그래서 이용합니다",
히낰,1,2020-04-20,7,재설치해도 네트워크오류뜸 개짜증,
벵종거신,1,2020-05-08,8,아이디 비밀번호 찾기가 안됨 왜 만들었는지 모르겠음,
몽심,1,2020-09-03,2,"아..ssg페이바뀌고 지금까지쓱배송 잘사다가 사람귀찮게 만들어놨음 ..아기가있어 짬짬히물건 시켰는데 뭘 다시깔아야하고,, 뭐 포인트쓰면 카드할인이안되고 뭐하면 뭐가안되고,열불나서..,쓱카드 왜만들었는지.. 포인트는 줘놓고 왜 ssg카드쓰면 안되냐구요 . 그러면 포인트를 주지말던지 ssg카드를 만들지말게 하던지 뭐하지는 심보인지 ..이럴리고 포인트 못쓰게할라고 바꿨고만,, 연회비도 비싸게 받아먹고 양심좀..",
1605꽁쓰꽁쓰,1,2020-06-13,9,네트워크 오류 너무 자주 뜸,
김진형,1,2020-05-01,2,1. 가격이 동네 마트보다 비쌈(간혹 싼것들은 품절) 2. 사용환경 부적절/ 실시간 정보가 업데이트되지 않아서 오류발생---->처음으로 돌아감(현관비밀번호만 9번 적어줬다 이정도면 보이스피싱아니냐) 3. 결제수단 복잡(쓱카든지 뭔지 있지도않은 카드 자꾸 자동체크되어있고 간편결제나 일반신용결제하려면 깔아야하는 앱만 몇개인지...) 4. 인터페이스 복잡 화면에 글이 너무많아 그 외에도 안써야할 이유 수십가지.. 다른사이트 이벤트때문에 써볼까 하다가 한번쓰고 삭제,
Orlando Yoon,2,2020-06-03,3,어플 최적화가 너무 안좋아서 물건 살 때 너무 불편해요.,
Yongwoo Seo,1,2020-07-15,6,아니 대체 왜 아이디랑 비번이 맞는데도 자꾸 틀리다고 나옵니다. 돌아버리겠어요.,
신재호,1,2020-04-28,103,광고보고사용했는데ㄹㅇ.앱평이 낮은 이유를 알겠네.앱이 좀 느린건인정. 솔직히 앱이 문제라기보단 ssg가 문제임. 그래서 신경안쓰고 쇼핑했는데 바로 상품 잘못옴.(첫배송임)이건 문제있다.광고에서는 그렇게 배송잘한다해놓고.광고찍은 공유하고 공효진은 뭔죄임. 이앱쓰지마세요. 진짜 쓸거면 따른 거쓰세요.,
도도'맘v쏭미,2,2020-04-10,38,아..정말 오ㅐ 이러나요 ㅡㅡ 장보기랑 넘 잘쓰고 있는데... 상품권 전환한거 쓰려고 하니.. 계속 세션이 만료되어 화면을 전환한다는 문구만 반복되네요😱 핸드폰을 껐다 키고... 앱을 다시 시작해도 이러니;;; 진짜 답답하네요!!!,
이경아,5,2020-06-14,12,상품좋고 할인이벤트 많고 최애 쇼핑몰,
박호영,1,2020-04-11,3,닝길. Pay 씹만원 어치 샀는데. 쓰기가 뭐이리 어렵냐. 내 10여종의 페이류 중에 전화해서도 장바구니 물건 못산 페이는 니들이 첨이다. 친절하게 도와준다며. 니들은 귀한집 아들딸이고 선불낸 손님은 멍멍이냐. 페이남은거나 쓰고 탈퇴할라니. 인증 문자받는데 2주간 안온다. 전화로도 안되고. 어쩌라고,
jaemi00 k,1,2020-07-02,4,ㄹㄷ나 ㅎㅍ등 타 쇼핑몰에 비해 서비스도 처리속도도 엉망이네요,
- HML 집돈LOW,1,2020-02-09,5,아니 뭔 로그인 화면도 못넘어가는 앱이 있나. 1. 앱 껐다 켰다 여러번 반복 2. 폰 전원 자체를 끄고 다시 리부트 2번 해봤음. 3. 앱을 지웠다가 다시 설치 결론 : 다 안먹힘. 이게 앱임? 쇼핑을 하라는건가 말라는건가. SSG에서 사실분은 그냥 앱깔지 말고 브라우저에서 시도하세요. 답이 없습니다. 리플 뒤져보니 몇달전부터 이모양이였네요.,
형준,5,2019-01-05,44,"헬*펫,좀*비고 등등으로 깔아서 캐시,쿠키,가스 등이 안 들어오셨다고 하는데요. 그건 그 앱의 문제고 이 앱에서 해결 할 수 있는게 아니에요. 그 앱이 이 앱을 광고로 설치하라고 한거지, 캐시가 안들어왔다고 평점 낮게 주는건 그 앱에게 망신을 주는 행동입니다만? 이 앱이 아니라 그 앱에게 따져야 할 문제에요~~ 이거참 스알못이네 ^-^.. 저도 타게임으로 넘어왔긴 하지만 리뷰보니까 쓰레기리뷰들이 많길래 해보지는 않았지만 별5 남기고 갈게요 :)",
서주영,2,2020-04-06,20,앱아이콘에서 알림표시 빨간 아이콘 떠서 앱들어가서 알림 누르면 온것도 없고 그맇다고 빨간아이콘없어 지지도 않고 도대체 어디드가야지 그빨간알림콘에 몇십개의 알림을 볼수있습니까? 짜증나게ㅡㅡ 진짜,
Brooklyn Choi,1,2018-11-27,11,UI가 너무 복잡해서 직관적이지 않고 너무 많은 것을 넣으려다보니 심하게 버벅거린다... 더 사양 안 좋은 폰에서는 돌아갈 수 있나 의심됨. for you 브랜드 같은 건 없앴음 좋겠다. 오래 클릭해서 장바구니로 보내는 것도 직관적이지 않고 찜버튼이 아니라 장바구니 버튼이 제일 위에 있어야하지 않나 싶음. 아무튼 과유불급 + 정말 너무 느리고 버벅대서 빡친다... 물건이 많아서 어쩔 수 없이 쓰는데 진짜 짜증ㅋㅋㅋ 기능 좀 빼라,
써니,1,2020-04-02,124,"아니, 왜 오늘 아침부터 이 앱과 새벽배송 앱만 계속 네트워크 오류가 뜨나요? 태블릿인데 터치로 화면 넘어가는 건 아무렇지도 않은데 검색어만 누르면 계속 뜹니다. ㄱ누르면 뜨고 ㅏ누르면 뜨고. 어제까지 괜찮다가 오늘 아침부터 그렇고요, 새벽배송은 아침엔 괜찮다가 오전부터 그러네요. 할 수 없이 장보기를 노트북으로 했네요. 네트워크 연결 오류라고 뜨는데 유튭으로 음악 듣는데 아무 지장 없어요. ssg앱만 그래요.",
Sang Man Lee,1,2019-12-23,66,"1. 대화창이 많다 ㅡ 타 사이트보다 손가락을 더 많이 놀려야 된다. (예: 종료하시겠습니까?) 2. 앱이 어무 무겁다 ㅡ 페이지를 이동하려면 시간이 많이 걸린다. ※ 좀더 가볍게, 간단하게, 못 만드냐? 수영선수가 양복입고 풀에 뛰어드는 듯하구나...",
김진옥,5,2020-09-10,1,좋은상품 저렴한가격에 안전하면서 빠른배송에 늘~감사드림니다~~^^^,
- leon,1,2019-09-23,6,뭘 사라는건지 말라는건지. 계속 로딩만 오지게 뜨고 다음 페이지로 넘어가지를 않음. 계속 결제진행 중이라는 창과 네크워트 지연이라는 창만 뜸;; 다른 건 잘만 되는데 이것만 그럼. 다시는 절대 못 쓸 것 같은 앱,
한결,1,2020-02-29,55,"여기는 아직 정신을 못 차린듯... 딱 보니까 앱 만들때 결정권자가 오프라인에만 있던 사람임. 앱을 무슨 오프라인 그대로 옮겨놓을려고 함. 까사미아, 하우디, 부츠 이딴거 넣지 말고 ssg는 쿠팡처럼 만들고 각 매장은 e-delivery라는 앱을 따로 만들어서 배달의 민족처럼 각 매장에서 배송을 받을 수 있는 방식으로 만들어야지 이렇게 중구난방으로 앱을 만드는데 쿠팡이랑 경쟁이 안 되지. 정용진은 인스타도 하면서 본인 앱 인터페이스가 쓰레기라는걸 못 느끼나? 인기앱처럼 직관적으로 만드세요",
김강준,2,2020-01-21,72,신세계 통합한다는 취지는 좋은데 ui나 ux가 너무 직관적이지않고 손이 많이갑니다. 요새 이런 화면구성 찾기힘든데...뭔가 혜택을 찾을래도 가시성이 떨어지니 앱에 들어가 있을 생각도 안드네요(앱 랜딩 시간도 길고 이미지도 썩 눈을 잡지않아 체감상 시간이 길어보입니다),
tetetoto titi,1,2019-09-23,132,아니 복잡한 앱도 아니고 그냥 쇼핑앱인데 대체 결제랑 장바구니 왜이렇게 에러 많이 나고 로딩이 길어요?; 결제단에서 이렇게 오류나면 당연히 구매 이탈률 일어나는거 아닙니까? 모바일홈페이지도 이래서 어플 다운받았는데 진짜 겁나심하네요 2019년에 이런 어플 처음봄;; 장바구니 버튼 누르고 페이지 뜨기까지 로딩 정확히 55초 걸림;;;; 주문버튼은 안먹어요;; 와 이런 앱이 ㅋㅋㅋㅋ 어플 담당 부서 진짜 양심없는 수준아닙니까 회사 매출을 이렇게 깎아먹네ㅋㅋ 접점별 고객 이탈률 분석좀 해보세요 제발,
다빈튜브,3,2018-10-31,408,"광고 알림 푸쉬를 받아서 누르면 앱이 실행되는데, 그때마다 ssg계열 브랜드 스플래쉬 화면이 뜨는게 과도합니다. 느리기도하고요. 할인광고 노티 누르면 상품페이지 바로바로 뜨도록 개선해주세요",
정민규,1,2019-09-20,59,어플에 대해 처음 평가 남깁니다. 역대 최악입니다... 인증 인증 인증 설정하지도 않은 결제비번 쓰라하고 무엇을 상상 하든 인증과 설정하지도 않았던 비번 쳐야돼서 다시 인증하고 비번 설정하고 다시 하고의 반복 입니다. 끝났다 생각 할때 그때가 시작에 불과합니다. 첫 구매시라면 영화한편 보면서 하시던가 담배 여러개 준비하시고 하세요,
화려한반짝이,1,2019-09-23,8,"너무 너무 짜증나고,,앱의 질이 너무 떨어져서,장보다 신경질 나고....카드사에서도 문제없다.ssg고객센터에서도 문제없다는데.. 결제가 안됨..서로 미루고 난리... 앱 지웠다 깔았다..정말 신경질 너무나서.. 이제,다시 않씀",
김지윤,1,2018-11-12,322,진짜 너무 별롭니다. 별로인것도 모자라 쓰고 싶지도 않네요. 결제 확인도 안되어서 4번을 반복했는데 계속 결제가 안되어서 결국 다른곳에서 사야하네요. 정말 최악 입니다.,
조현정,1,2019-12-27,36,아진짜... 돌아버리겠네요.. 무슨 로그인 개미지옥입니까?? 인증번호 지금 몇번짼지.. 비번 찾기도 어렵고 분명 통합로근인하라해서 뭔가 가입한것같은데 나중보면 비번 틀렸다하고 ... 아 .. 짜증나서.. 딴앱에서 시켜야겠네요 ..,
리아Leah,5,2020-05-13,6,잘이용하고있어요 이마트특히 카드청구할인에 그달 쿠폰까지할인받아서 거의 20프로씩 할인받아서 구매한답니다 너무좋네요^^,
jin-kyung koo,1,2020-09-03,1,"주문은 받고 발송직전에야 품절이라고 임의취소하고 취소완료띄워서 취소처리현황 따위 확인할 방법도 없고 환불처리는 주문한 결제방식으로가 아니라 추가주문한 카드로 된다는것도 어디에도 고지되어있지않고 직접 상담사에게 문의해야만 알수있음. 적어도 특정상품이 품절이면 배째라식으로 발송직전 톡 날려서 이러지도저러지도 못하게 할게 아니라 전체취소여부를 묻는게 맞고... 취소처리완료 띄우고 배째라 할게 아니라 처리현황이 어떻게,어디로 되어가고 있는지 정도는 씈배송 자체에서 확인가능하게 할수있는게 맞지않나요.주문은 받아놓고 품절로 취소시킨것만으로도 짜증나는데 고객이 직접 다 여기저기 돌아다니면서 어디로 어떻게 환불되는지도 일일이 확인해야되나요. 좋은 상품이 꽤 많음에도 이제 신세계상품권 생길때를 제외하곤 씈배송은 자제해야겠습니다.시스템이 너무 엉망이예요. 매번 주문때마다 스트레스받음.",
Moni Lee,1,2020-03-11,75,3/11일자 업데이트 후 배송트럭 로딩만 화면에 뜰 뿐 장바구니 등 이용 불가합니다 오류 수정 해 주세요 배송 많은 요즘 같은 때에 에러 확인도 제대로 없이 기능 추가 되었다고 자랑삼아 공지하는 거 어이없습니다 이런 대기업이 온라인몰 관리를 이렇게 시대에 못 따라가는건 결국 기존 프로그램 못 버리는 임원진들 탓 아닐까 추측해봅니다 애꿎은 말단사원들 에러수정 하면서 무리하게 시스템 확장만 퀼트처럼 붙여나가기 시키지 말고 쿠*앱처럼 편리하게 다시 포맷을 만들 수는 없는가요?! 장보기 결제까지 완료하는데 걸리는 시간이 슥닷컴이 제일 실속없이 느려요! 광고할 금액으로 시스템 손 봐 주시기를요,
강영심,5,2020-04-24,4,"편리한 시스템 입니다. 앱 사용도 빠르고, 배달도 신선한 제품으로 신속하고... 강추!",
한지우공일공오오삼팔칠이삼,1,2020-04-10,2,이거 잘 되다가 왜이래 됨? 검색도 안되고 . 뭘 사란거임? 아무것도 없고 품절만 있는데 코로나땜에 함께 돌앗나,
G P,1,2019-07-04,99,앱만 깔게하고...배송지역은 서울 일부. 열받아서 앱삭제 합니다. 그냥 쿠팡이 낫겠어요. 지역을 그리 좁게 잡고 보냉백 새벽배송 홍보만 대대적으로 하면 어째요. 일부지역만 시범운영이라고 지역 명기도 해야지요.,
Hyun Kyong Lim,2,2019-09-23,41,앱에 여러 마켓이 통합되면서 점점 무거워지는지 너무 느리고 오류가 자주납니다. 새벽배송 추가되고 더 심해진 것 같네요. 장바구니 이후로 진행이 안되서 구매를 할 수가 없네요,
김혜영,4,2020-02-28,11,좋아요.접속도잘되고배송도빠르고직접장보러가는것보단편리합니다.집앞까지갔다주시니힘드시거같아요.특히저희집처럼산꼭대기는..^^;.... 항상잘이용합니다.,
채용배,1,2018-09-28,8,앱 너무 느려서 폰 뚜드러 깨부수고 싶음 - s9+256 그리고 어플 느려 터진 주제에 상단바에 노출되는거 보고 두번 빡치네 ssgpay 어플후기를 여기다가 적었네 너도 써보진 않았지만 다르지 않을거라고 확신한다,
whats what,1,2020-01-07,37,장바구니 들어가는데 14번만에 들어가고 결제는 당연히 안넘어가고.. 아침부터 시간날때마다 클릭하는데. 업데이트 확인했고 웹뷰 확인했고. 근데 작업에 실패했습니다 계속 뜸. 물론 장바구니 들어가는거 조차 힘듬..,
냥집사,1,2020-02-04,4,통합회원 가입하다가 저혈압 치료했습니다. 본인인증까지 다 마치고나면 인증페이지 어쩌고 불러올수 없습니다.. 네...gs 프레시 쓰겠습니다 그냥 ㅜㅜ,
HYUNY [TV],1,2020-07-29,0,써볼까 했는데 평가도 매우 안 좋고 평점도 매우 낮고 불만글 넘쳐서 그냥 지움 얼마나 관리를 안 하면 앱 관리자 답글도 없나 싶네,
Google 사용자,3,2019-09-23,24,쓱 앱을 열어놓고 다른 앱을 쓰다가 다시 사용하려고하면 쓱 앱이 리부팅되는 현상이 빈번히 일어납니다. 요거 요거 해결 부탁드려요.,
tamtam,2,2019-08-20,52,아이폰에선 무리없이 사용했는데 안드로이드 어플에선 장바구니 로딩하는데 시간이 너무 많이 걸려요.. 인내심에 한계오고 뭐 하나 삭제하고 변경하는건 너무 힘듦;;,
정지연,1,2019-10-16,78,필터에서 브랜드 선택해서 검색하려고 브랜드 선택하면 강제종료 되버리던데 왜 이건 보완하지 않고 업데이트 하신건지... 검색 좀 하려고 브랜드 고르기만하면 꺼져버려서 짜증남... 이 현상 좀 보완해주시면 좋겠어요...,
얼짱에이포,1,2019-11-02,144,앱 이용하면서 이렇게 운영을 뭐같이 하는 쇼핑물은 처음이네요 구멍가게도 아니고 매번 물품 구매 결재 후 몇일 지나면 반품되었다고 문자만 오고 한두번도 아니고 고객센터 전화하면 연락 안되고 그래도 신세계 이미지가 있는데 사이트에 있는 제품들 관리는 하고 있는지 의문 입니다 최악이네요 운영이 안되면 접던지 사이트 관리 톡바로 하세요,
씸바쌈바,1,2020-09-13,0,앱 키자마자 신선식품이 가장먼저 나왓으면 합니다 불편해요,
Eunju Park,2,2020-02-10,1,돈쓰고 싶은데 결재창에서 자꾸 오류가 나요.... 몇번째인지... 앱 다 지우고 다시 깔았어요. 사용하던 사람들도 다른데로 가겠어요.,
시저,1,2018-10-19,306,글씨가작아 글씨보기가힘듬 상품자세이 보려면 글씨가커야 자세이 이해하는데 글씨가너무작네요 돋보기쓰고 확대경이리니 앱에서 삭제 제거하고나간다.,
투마,2,2018-09-28,91,앱 처음 실행시 로딩이 너무 걸리네요 쇼핑몰은 속도가 생명인데 계열 브랜드를 다 보여주다가 다른 편리한 쇼핑몰로 다 소비자 놓칩니다,
신희,1,2020-06-03,0,무슨업데이튼지ᆢ 왜 용량을 많이차지하는걸까? 난지울게없는데 ᆢ짜증!,
은고양이,1,2020-01-16,2,미성년자는 안된다고 하네요..캐시워크에서 쿠폰을 얻어서 이 앱을 깐 후에 쿠폰을 받으려고 제 전화번호로 회원가입을 한 후에 쿠폰번호를 찍었어요.그런데 미성년자는 회원가입을 할 수가 없다고 하네요.그래서 엄마폰번호로 회원가입을 해서 쿠폰번호를 찍어서 사용을 하려는데 쿠폰을 쓸 수가 없다네요.미성년자가 회원가입을 하는게 죄인가요?,
Jh S,1,2020-04-03,18,어제부턴가 검색이 안됨. 검색창에 글자만 쓰면 네트웍 오류라고 뜨며 자꾸 재시도 하라고 함. 짜증.,
김채원,1,2019-09-17,37,"앱 안정성이 너무 떨어져요. 네트워크 연결도 그렇고 포인트 사용, 결제 등 제대로 되질않아 몇번째 지우고 깔고 하고있어요.",
SunDoc Kim,1,2019-01-06,8,비밀번호 변경을 위해 여러번 인증 하고 완료가 되었다고 해서 로그인을시도 했으나 로그인이 안돼서 삭제 하였습니다. 다시는 사용 안할거 같네요.,
이종이,1,2019-07-21,216,회원가입시 20%할인쿠폰이 있다고해서 가입하고 다운받았는데 적용이 안되서 콜센터에 문의하니 마진률에따라 쿠폰은 다르게 적용된다는데 그런건 미리 공지해야지 않나요 낚시도 아니고... 개인 쇼핑몰도 안하는 짓을 ssg에서 할줄은 몰랐네요 회원가입한 시간이 아깝지만 굳이 탈퇴합니다 이미지가 저렴해지는 순간이네요 시간내서 회원가입해준 고객을 상대로 이런 장난이라니 차라리 할인 마진 금액을 정하던가 쓰윽 ~ 야비하네요,
SAATI Water Choi,1,2020-04-05,2,"아이디가 복수로 생성 되었는데,아이디 두개를 통합을 못시킵니다. 운영자 미숙인지 개발자 문제인지 모르나 해결못하고있음.",
신아영,1,2019-11-11,27,결제를 세번은 했나보네요 비밀번호 치고나니까 어플 시작화면으로 가면서 결제가 되지 않았네요 덕분에 구매하려고 했던 제품 지나갔고 돈 아꼈습니다 감사합니다,
자유민주주의,3,2019-08-08,11,"결제 도중 멈추어 결제 진행이 안됨. 결제완료, 앱실행 눌러도 실행불가. 삭제후 재설치 하면됨. 짜증",
조규범,1,2019-11-01,5,오늘 앱이 강제초기화 되어서 다시 인증했더니 기존 카드도 다시 등록하라고 해서 다시 등록하는데 카드가 안보임 아침부터 지금오후 3시까지 계속 이상태임,
Di chacha,5,2020-02-26,3,배송진행상황 및 배송 후 알림 서비스 매우 만족하고 품목별로 분류해서 포장해오신 쎈스에 더더욱 감동했습니다❤ 한국의 배달 서비스는 세계 최고입니다.,
M L,1,2020-07-06,81,간편회원가입 차별 쩐다 운영이 왜 그렇게 구시대래 정말 불편하다 ㅉ,
영은,5,2019-03-24,103,흐어어엉 ㅠㅠ 감사합니다 100캐시가 나옵니다 ㅠ 테마키보드에 캐시로 사는것있는데 부족해서 앱설치하면 100캐시 준다해서 설치하고 바로 적용했는데 되여 감사해요 ㅠ,
zxc041 7,1,2018-10-02,9,이어플깔고부터 전화번호따인거아니냐고 스팸전화라고뜬다고그러는데 뭐죠? 유출된거같은데 어플권한때문인가 카카오페이지 광고캐시받으려고에깔앗는데.. 깔지마세요,
장현희,2,2020-02-09,2,정말 주문한번 더럽게 힘드네요. 신세계상품권 전환해서 결제하는데 진짜 헷갈리게 해놨어요. 앱이라 그런가요? 컴터앞에 앉아 홈플 쇼핑하다 처음해봤는데 욕나올뻔했어요. 충분히 쉽게 만들수 있는데 정말 어렵게 진행하시네요. 뭔비밀번호 등록은 글케 많은지 자주 안쓰다보니 맨날 비번 까먹게되고. 암튼 쉽고 편하진 않고 soso 쿠폰준것도 일부 상품 미적용이면 상품에 제외.가능 표시를 해줘야 알지 계산할때 갑자기 금액이 모자라다 하고. 암튼 실망이에요.,
오수철,5,2019-01-24,141,사용하기 편하고 좋은 어플 입니다. 다만 최근 안드로이드 P 에서 알림바 노출이 안됩니다. 업데이트 부탁드려요.,
리틀포레스트,1,2019-01-25,545,업데이트를 쳐할때마다 맨날 폴더 밖으로 쳐삐져나옴 그리고 편리성도 개같고 이 앱 누가만들었는지는 몰라도 개같음 한번만 더 삐져나오면 제거할고임,
Google 사용자,1,2018-11-07,28,완전 대박 대박 좋아요. 표시를 할 것 같습니다. 그리고 그 속에서 진행됐다. 이날 방송에서 멤버들은 각자 맡은 배우 겸 가수 비 오는 날.,
Derick Lee,1,2019-11-01,20,처음으로 댓글 남길정도로 최악이네요. 말만 통합이지 배송비가 다 제각각 있어서 보기도 힘들고 합쳐놓은 이유를 모르겠네요.. 사용하다보면 욕이 절로나오는 최악의 서비스네요!!,
sungsik jo,2,2020-03-11,29,로그인이 되지 않는 이유는? 네이버 연동으로 하는데 로딩창만 뜨고...아이디 찾기나 회원가입 버튼 눌러도 똑같네요,
Dongjae Min,1,2020-01-14,51,"앱 절대 깔지마세요. 앱 광고 수신동의 해서 주는 쿠폰 ""일부 상품 미적용""입니다. 대부분 안될듯",
쇠고기맛,1,2020-05-28,1,쓰레기같은어플 새벽배송 뜨지도 않고 왜 새벽배송 어플을 따로만들어서 혼선만 주는지 삭제 ㄱㄱ,
JiSoo Choi,1,2019-02-19,7,타인의 플스 당첨 여부 알수가 없음 다운로드수 늘리려는 의도적 이벤트인건 알지만 이벤트 결과에 대한 구체적인 공지가 없음,
구름,5,2019-11-16,84,문의도 빨리 빨리 해주시고 물품도 이것저것 많아서 좋네요 ~ 가끔 로딩이 느려서 조금 답답하긴 하지만 그래도 괜찮습니다 ㅎㅎ,
KS P,1,2019-10-30,15,어플 설치후 계속 네트워크 오류 떠서 로그인을 할 수 없네요. 어제도...오늘도...,
Park Jae young,1,2019-03-27,76,앱 똑바로만들어라. 상품권 SSG머니로 전환하는데 아래 바가 눌러야될 버튼을 가려서 진행을 못하고 전화본인인증을 하는데 통신사 선택하니 그다음 진행하는 버튼이 안보이고.......그냥 이건 뭐하러만든건지,
심승보,1,2019-09-09,65,뭐 쿠폰 준다길래 살 것 있어서 들어갔더니 쿠폰 적용 도대체 뭐에 되는 거죠???? 1시간 동안 찾는데 검색은 되지도 않고기껏 찾아서 결제할랬더니 쿠폰 적용은 안되고 걍 내 돈 내고 살랬더니 일시품절... 하 이럴거면 매장 가서 사는게 더 이득인것 같은데 쿠폰 준다는 말로 현혹하지말고 앞으로는 이 어플이나 ssg는 절대 이용 안하겠습니다 차라리 네이버쇼핑이 훨씬 편리하고 낫네요,
최정숙,4,2019-07-27,35,쉽고 편리하게 이용작동법이 간단했으면 했는데 조금 아쉬움이 남네요. 소비자와 더좋은 소통 방법이 개발되기를.......,
김정훈,1,2019-07-24,35,-100 결재시 오류가계속떠서 (세션만료 창) 상담원이 계속 지웠다 깔고 지웠다 깔라구 함,
Kori Jin,1,2018-09-16,83,엄청 버벅거리는 프로그램. 타 쇼핑몰과 비교하면 아직 멀었고. 오류도 많음,
김복순,1,2020-06-25,5,새벽배송 안되는거 미리 알 려야지 꼭 결재하려면 포함되었대 완전 귀찮 황당,
SeungYeon Ha,5,2019-07-28,6,상품도 많고 배송빠르고 저렴해요 ㅋㅋ 통합검색기능 편리하지만 어플 UI는 개선되었으면 좋겠어요 ㅋㅋ,
이향주,1,2019-04-12,143,회사에서 법인카드로 결제하려고 하는데 보안어플을 2개나 설치하라고 나오네요. 두개 설치하면 뭘합니까 일반결제는 모바일에서 지원 안된다고 PC로 하라고 오류 뜨는데.. 이럴거면 설치 전부터 안된다고 하던가.. 결제방식 개선 좀 해주세요,
윤주차,1,2019-02-22,70,어플 아이콘 눌러서 들어가면 왜 네이버브라우저 통해서 접속되나요?플레이스토어에서 검색해서 열면 제대로 어플로 열리던데..,
ᄀᄉᄋ,1,2018-11-01,8,뭐죠..설치를 하고 별루여서 지웟는데 지워졋으나 창에 계속 제거중이라도 뜨네요...이런거 싫어하는데 어떻게 하나요..,
진수,1,2019-12-23,50,뭔세션만료됐다고 포인트도못쓰고 고객센터에서도 왜이런지 이유도 모르고 카드등록하고 결제하려해도 오류나고 ㅋㅋㅋ장난하나,
베개,1,2020-03-26,18,유튜브 보다가 ssg 앱 넘어가면 튕기고 결제하다가 튕기고 오류가 많습니다. 개선해주세요.,
김현이,5,2019-09-01,12,배송약속한날 그시간전후로 엄청난 비가 쏟아부었는데....사고날까봐 배송기사 운전걱정했어요~ 정확하게 아주 잘배송받았습니다.제품받으며 활짝 웃었어요.감사합니다. 제품은 내가선택한 사양대로 시원하고까실한 느낌이며 몸에 붙지않고 여름에사용하기딱좋아요. 사이즈 품질 완전 좋았어요. 주위친구랑추천해서 같이주문했는데 탁월한선택 강추입니다.,
마이쮸의 하루,1,2019-09-10,38,이런어플.. 네트워크오류는 5초에한번씩뜨고 검색열번해야 한번제대로나오고 승질드러워질것같아요.,
이연숙,5,2019-07-15,132,좋음요. 할인받고 제시간에 배송오고. 신선하고 빠르고요. 포인트 매장에서 쓰는 것보다 사용이 편해요,
Tom Ahn,2,2020-03-09,31,음... 타이밍인가 계속 사야하는게 품절이길래 못사고 있다가 새벽 5시 다 있길래 주문 하려고 클릭하는중 로그인하고해야겠다며 10분 정도 소요 되서 로그인 하는순간 6가지 품목 품절... 새벽인데 그게 가능한가요? ㅡㅡ 아니면 로그인하면 못사는게 있나?.. 그래서 로그아웃했더니 장바구니 사라지고 뭐지..,
기면지,5,2018-10-19,10,처음에 공효진이 광고해서 알게되고 깔아봤는데 기대 이상으로 좋은 앱이에요!,
Google 사용자,1,2019-03-23,9,별한래도 아깝네요 광고좀 그만뜨게하세요 게임할때 뜨고 ;; 유튜브 볼때 뜨고 완전 불편하네요 별한개도 아까웁니다,
이충호,1,2020-01-27,24,쓸때마다 세션이 만료 됬다는건 뭐지??? 앱을 항상 지우고 깔아야됨???? 앱을 발로 만들어도 이것보단 나을듯,
박정혜,1,2020-04-03,0,갑자기 검색이 안되네요 검색창에 뭐 입력하면 서버 연결이 안된다고 자꾸 꺼져요 어제부터 급 발생함;;,
Flash,1,2019-03-14,4,야. 니가 어떻게 하는지 알고 있니? 광고 실화? 강제 사이트? 밑에 뜨는 광고도 실화?! 니때문세 어떤앱 때문인줄 알고 그앱 지웠는데 그앱 때문이 아니라서 다시 깔았는데 코인 50000개 넘게 있었는데 20000개 됬잖아!! 한번만 광고 더 뜨면 이앱 신고ㅅㄱ. ㅎㅎㅎ. 리뷰수정중. 광고 뜸 신고함,
흑아,1,2019-12-26,17,네트워크 불안정하다고 재시도 계속 눌러도 계속 불안정뜨네요 닫기 누르고 조회 검색 다되는데 로그인하려면 또 불안정하다고 안됨,
배상훈,1,2020-02-08,64,뭐만 업글했다면 멀쩡히 쓰던것도 못쓰게 만들어요. 어플 오류에 대해서 사진과 같이 피드백을 하려고 해도 쉽지도 않고 아주 쓰레기 같습니다,
SEHEE H.,1,2019-04-08,64,어지간해선 별 5개하는데 이건정말..최악이예요 신세계상품권스려고 어쩔 수 없이 썼는데 배송주소고 뭐고 검색도 안되고 클릭도 안되고 닫기도 안되고 확인누르려면 드래그해야하는데(밑에버튼 반의 반만 빼꼼 나옴) 드래그마저 안됨.. 윈도 98부터 공인인증서세대 다 겪어봤지만 이앱처럼 결제하고 주문하기 힘든 어플 처음 봄,
Google 사용자,2,2019-02-21,36,상품가격들이 다른곳보다 조금씩 더 싸긴한데 계속 튕겨서 회원가입도 못하겠고 렉걸림 .,
김워니,1,2019-06-13,23,상담사서비스처리가 너무나미흡..한달넘도록 간단한일해결도못함 다신쓰고싶지않은앱,
gunwoo song,1,2019-02-16,5,8550원짜리 패딩 있는것처럼 해놓고 들어가면 반팔티.... 낚시 완전 잘함 그래서 별 한개 드림,
임씨,1,2019-11-13,10,회원가입만5번했는데 로그인이 안되요 그냥 웹사이트에서는 되는데 이거 버그아니야?,
개비스콘,1,2019-10-26,10,결제 진행이 안됩니다 결제하기 누르면 500 ERROR라고 뜨고 결제가 안되네요...앱도 몇번 껐다 키고 했는데도 안돼요,
람보,2,2018-10-25,410,할인이라거나 다른부분은 괜찮으나 품절기재가 되어있지않아서 두번이나 강제 주문취소됐습니다. 시간낭비만 한 것 같아요,
song song,5,2019-06-13,90,"쓱배송은 정말 추천할만한데, 점포상품이 쓱배송과 택배로 구분되어지니 고건 개선해야할듯",
이대호,1,2019-12-09,26,왜 검색이 안되나요? 가끔 상품검색이 전혀 안될때가 있어요 지금도 그러네요 개선해주세요,
Mj Kim,1,2019-09-27,2,모든 시스템 업데이트를 했으나 ssg는 앱종료되며 정상적인 실행에 실패합니다,
윤영희,5,2020-01-03,49,신세계 이마트 트레이더스 등 모든 쇼핑을 쉽고 빠르고 다양하게 선택할수 있다는 점에서 편리한앱,
임은소,1,2019-01-20,2,사용은 안했는데 광고가 1일 10번은 뜬다고요!,
Google 사용자,5,2018-12-14,13,간단하게 집에서 백화점내의 거의 모든 상품들을 보다 저렴하게 구매할수있어요. 잘 사용하고 있습니다.,
keon moon,5,2019-10-30,6,물품 품질 및 가격이 괜찮네요..인터페이스는 개선 필요,
김경옥,1,2020-02-29,6,카드결제하는데 머가이리 복잡하냐고요 무통장입금은 어디간겨 무통장입금살려내라,
Hyeon Soo Park,3,2020-02-28,7,"검색은 편한데, 앱이 너무 느립니다. 노트8 사용자입니다",
김무찬,1,2019-02-18,6,진짜 저 아무것도 안 눌럿는데 자꾸 이 창이 뜨네요 정말 이 창 볼때마다 짜증납니다,
미스티오스,1,2019-12-19,9,네트워크 오류 장난하나 ㅋㅋㅋ lte 랑 와이파이 둘다잡아도 네트워크 오류떴다하네 재시도 해도 답이안나옴,
EUNKYUNG CHOI,2,2020-04-22,1,배송이 되는 날이 없어요 수요일 주문하면 월요일부터 받을 수 있음 광고 그만하고 배송 좀..,
geunhye seong,1,2020-02-02,4,상품권 10만원 넣어놨는데 결제 5번째 오류에요.. 이렇게 답답한 앱 처음임..,
쿤TV,2,2020-01-07,17,장바구니 상품 중에 품절 상품 한번에 삭제하는게 전에 있었는데 지금은 없네요 일일이 지우기 귀찮으니까 원래대로 다시 추가하세요,
하루한글,1,2019-09-29,8,비밀번호 재설정 했구만 자꾸 틀렸대 두번이나 재설정했구만 즉시반영이안되나????? 짱나서 삭제함,
박건영,1,2019-05-04,39,최악중에 최악 스팸도 이정도는 아닐거다 완전 악성 얼플... 역시 삼성가는이라는 말만 나오게 만듬,
Jaebume Jo,1,2019-02-18,202,앱 겁나 느리고 쿠폰이벤트 한번에 서버 접속 안되고 앱 응답 없음.. 요청 많이 들어오면 답없나..,
아바구,1,2019-12-31,8,상품권 전환이 안됨 화면이 안넘어감 빨리 고쳐주셈,
냥냥체고,1,2019-08-23,37,결제하는데 오류가 엄청나게 나네요. 다시는 안 씁니다.,
김지민,1,2019-12-25,19,업데이트 하고나서 로딩 엄청 길어요 한번도 안생긴적이 없음 계속 오류나서 결제까지 너무 힘들어요,
채왕석,1,2019-03-26,6,핸드폰 사용중 수시로 설치화면 지금처럼뜨는데 광고차단 어찌 하나요 불편합니다,
Ko묘묘,2,2020-06-25,3,와우. 판매량순을 쥐도새도 모르게 없애버리셨군요?올해 초에 마케팅 수신 혜택 박살내고 되도않는 쓱티커 빙고 뽑기 도입하더니 쓱티커 당첨 상품도 몇달새에 박살이 났어요. 물건값이랑 월급도 빙고판으로 받아가시지 그러세요.,
나누기행복,4,2019-03-04,11,할인제품인데 유통ㅈ기한이 좀 남아있는거 보내주시고 배송시간이 뜨면 정확하게 맞춰주시고 좋아요,
Judy Noh,1,2019-01-02,860,고객상담하다가 종료된지도 모르고 혼자 상담하고 있었고 재고 관리도 제대로 되지 않는 앱입니다. 다른 큰 쇼핑몰의 수준을 기대하고 사용하지 않는 것이 정신 건강에 좋습니다.,
영쨩,1,2019-09-11,18,오류에 지방은 오지도 않고~ 고객센터는 매크로 답변 ㅋㅋ 그냥 안써요ㅎ,
자유로운영혼,5,2019-12-29,3,배송 정확하고 상품 하자없이 포장 깔끔하고 편해서 좋아요,
Google 사용자,5,2018-11-10,10,넘나 편해요! 이거 진짜 편리하네요. 이제 폰만으로도 주문 완료!,
SJ SoN,1,2019-02-19,4,"선착순으로 할인 쿠폰 '추첨 기회' 발급? 그마저도 수량 한정에 조기 매진 가능? 근데 수량은 미고지? 미끼 상품으로 개인정보 먹고 화제성도 키우고, 개양아치네요",
예은씌,1,2018-12-22,3,헬로펫때문에 앱까는데 다운로드중 다운로드중 이러면 앱을못깔고 0퍼센트 되잖아요. 빨리좀 해주세요,
박상윤,5,2019-06-09,11,좋아요 근데 똑같은 상품이 많아서 뭔가 정리가 좀 되면 더 좋을것같아요,
hogb1004,2,2019-07-02,100,매번잘오다가 오늘은 예약시간보다 1시간30분 늦춰쳐서 배송된다고 연락이 왓는데 늦춰진시간에도 도착을 안하고 하염없이 기다렷네요~ 나가야하는데 나가지도 못햇어요ㅠㅠ,
Tabasco,1,2020-03-26,5,카카오뱅크카드는 쓱간편결제나 삼성페이에서는 결제가 안됩니다. 장을보면 뭐하나 돈을 못내서 물건을 못사는데,
Pin K,1,2019-04-05,6,느리다ㅡ설명없는 쿠폰 남발..결국엔 아무데도 쓸모없는 것들,
e e,3,2020-02-26,4,어플디자인만 좀 바꼈으면 좋겠어요 어플 실행하면 맨아래 중앙에 있는 ssg버튼 디자인이 이쁘더라구요,
익명,3,2018-11-28,6,"강제 취소되네요.. 요즘 경제활동이 활발한데.,",
이해진,3,2018-12-18,158,음 카카오페이지때문에 깔앗는데 캐시받기가 늦게 들어왓네요 상품은 다양하게 있는데 속도가 느리것같아요,
민하민하,5,2019-01-21,18,제품 좋은가격에 구매할수있게 쿠폰행사가 많아서 좋네요ㅎ,
박귀연,4,2019-10-15,7,휴대폰결제로 구매가능한 상품이 가득 있었습니다. 신기한 외제과자와 아이스크림도 맛있고 고기 포장을 잘해 배송해조서 좋은데 그런 상점물품서비스를 연결시켜주는 좋은 프로그램,
Tell a Lie by,5,2019-07-22,24,로켓프레시 쓰다가 넘어왔어요 아직까지는 만족하고있고 이마트상품도 같이 구매할수 있어서 좋아요!!!^^,
j j,1,2020-02-01,4,"고객센터 수준이 엄청 낮아요. 이런 큰 곳의 고객센터 운영이 이럴줄은 몰랐네요. 삼일동안 전화먹통, 고객센터 톡 먹통, 이메일 문의 답변없음. 쓱에 매우 놀랐습니다. 상담원이 있긴있나요? 대기업이라고 막나가는듯한 느낌. 막무가내네요. 쓱은 무슨..고객을 쓱 쳐다도 안 본다는걸 표현한건지ㅋ",
백민영,1,2019-02-04,374,영상 볼때마다 들어가지고 이딴앱 갑자기 왜나옴? 영상볼때 뭐가 필요있다고,
신숙이,3,2019-12-18,9,업데이트후 장바구니상품보기가 너무힘더네요ㅠ 편리하라고 했겠지만 오히려 더 불편해젰네요,
최준영,1,2019-01-16,5,"재고관리 엉망에다가 쇼핑몰 관리도 엉망..배송도 느리고, 모르고 시키면 재고 없다고 카톡으로 옴..",
YJ H,5,2020-04-23,1,넘좋아요ssG는다른쇼핑앱안깔았는데볼수가있어요!카톡에검색헤서톡하는거있어요,
설정현,1,2019-09-14,15,결제할때 상품권 전환하려고 ssg money 전환하기 누르는데 계속 흰색창만 뜨고 뭐가 없네요ㅡㅡ 해결방법좀요,
유리밍,1,2019-09-20,7,상품 오배송 시 사진첨부 등 사용성 불량함,
peter kim,4,2020-04-30,2,편하고 좋아요.,
ᅵᅵ,2,2019-06-04,9,제품은 좋은데 광고가 인터넷볼때 자주켜지고 불편해요 유투브 시청할때도 광고로끊기고 광고삭제하고싶다,
stella K,1,2020-02-11,8,느려터져서 속터지는 앱이네요 결제하는게 불가능에 가깝네요,
YLK유럽코,1,2019-03-12,71,최악의 무한광고 핸드폰을 쓸수가 없게 하네? 대기업 맞아요? 광고 계속 뜨는분들 위에 오른쪽 땡땡땡 눌러서 신고해요,
지희,1,2019-01-11,12,캐시워크 때문에 깔았는데 캐시워크랑 연결이 안되네요,
주선아,3,2020-01-07,7,상품권 전환하려는데 전환하기 누르면 아무 화면이 안뜨네요,
김소영,1,2019-10-26,6,사용 해 보니 포장지도 적당했고 제품도 좋아요,
김클로이,1,2020-03-28,4,너무 별고 사용하기도 불편하고 쇼핑하다가 웹하고 앱하고 사용하기 불편해서 쇼핑할 맛도 떨어짐 ㅋ,
Google 사용자,1,2019-01-07,5,왜 이렇게 느린겁니까? 버그 ? 오류?,
sally ju,3,2020-03-26,1,뭔가 화면 구성이 너무 안좋아서 보기에 불편합니다,
김수영,5,2019-12-19,9,결제 할인 배송 모든것이 편리하네요,
Google 사용자,1,2019-03-10,5,카테고리 작업을 좀더 실속있게 해야 할 듯 식품을 보려면 쓸데없는 거 잔뜩보고 지나야하니 짜증나요 과천 이마트도 노선을 빙빙 돌게 만들어서 짜증이었는데 마치 그와같은 느낌이었습니다 쓱 굉장히 기대했었는데 ..,
땅개,1,2019-04-22,16,이거 광고 계속뜨는 좀 막아주던가하셈 이제는 다운하니까 자동으로 들어가지네,
회색파란,2,2018-12-18,4,카카오 페이지 캐시 받으려고 깔았는데 로딩이 좀 느리네요,
이종근,5,2019-12-13,6,농협카드 할인이 자주 있어서 좋네요~,
Google 사용자,1,2019-03-06,88,아 좀.....깔테니까 좀 광고좀그만해 핸드폰을 쓸수가없어....,
allen kim,1,2019-09-29,7,결제 프로세스가 개판 이네요 ssg pay 결제가 안넘어가요 ... 어떻게 테스트 한거죠??? 경쟁사 개발자 채용햇나봐요... 악명높던 경쟁사 앱 같네요 ... 빨리 개선 바랍니다.,
단차,3,2020-03-12,3,웹에서 비밀번호 오류 여러번 뜨더니 앱에서 한번에 됨,
최호찬,4,2018-09-24,12,여러가지로 요용한 정보와 재미가있는 것,
cs kim,3,2019-02-24,13,앱 실행하면 포인트카드 바코드가 바로 뜨게 해주세요. 홈플러스 처럼.,
이지,1,2019-01-01,18,카카페 캐시가 안들어오네요 앱 잘못이 아닌건 아는데 아무리 기다려도 안들어옵니다,
가떼에에에에엥,1,2018-10-29,3,지금 이 리뷰 쓰는 시간이 아깝. 별 하나 조차 아깝.,
롱다리,1,2019-04-21,3,왜 이렇게 램 용량 많이 잡아먹는지 모르겠네요 장바구니 담고있는데 엄청느려짐,
이승배,1,2019-09-21,6,신세계포인트 전환할때 pass창에서 확인누르는 버튼이 없어요;;,
욱욱,1,2019-02-11,3,아니 바이러스 걸린 후 부터 갑자기 이 앱 들어가짐;;;,
코알곰곰,1,2019-08-07,11,새벽배송 우유터져와서 다젖고 난리났어요 고객센터 답도없네요,
채종실,1,2020-03-13,0,배송정보제공은어디에묻어두고쓸데없고 필요치않은 엉뚱한것만연속 실망만,
박대근,5,2020-06-05,0,위치는모르지만이렇게폰으로구입할수있게되어참좋네요.감사합니다.,
seung-tae Ko,1,2019-06-28,23,상품평 등록 누르면 앱 강제종료됨!!!,
김미경,3,2020-03-02,4,상품권 전환이 안되요 확인부탁드려요,
이아름,5,2020-02-06,11,판매물건이 이상하여 판매회사 대응방침에 굉장히 난처하고 당황스러웠으나 고객상담실 직원분께서 본인 일처럼 너무 친절히 그리고 꼼꼼히 손님편에서 대응해주시고 ssg회사에서도 제식구마냥 든든하게 책임져주고 물심양면으로 도와주셔서 너무너무 감사했습니다~ 직원분도 ssg회사도 너무너무 감사했습니다~ 좋은 회사라 그런지 직원분들도 너무 좋으셨구요~ 왠만한 물건은 이제 믿을수있는 ssg에서 구매하려구요!!! 직원분들도 ssg회사도 복많이 받으시고 더욱더 번창하시길 바라겠습니다. 화이팅!!! 기대안하고 있었는데 너무 뜻밖이라 어벙벙해서 직원분 성함도 못물어 봤네요ㅠㅠㅠ,
채상록,4,2019-09-05,4,모든쇼핑을 한군데에서 할수있어 좋은듯,
서재열,3,2019-03-16,5,아직 미사용으로 정확한 평가를 하기가 힘드네요.,
최주현,5,2020-06-13,1,자주 사용할깨요.,
뇽뇽,5,2020-06-02,0,편리하게 자주이용하고있습니다,
뭉댕,1,2019-04-06,3,광고좀 그만띄워요 짜증나죽겠네ㅋㅋ,
Zhenlong Yen,1,2019-07-07,1,아이디비밀번호찾기부터가 멍청함 한국은 법이 문제인듯 하지만 당신네들도 해결하려해야지,
_죠스,1,2019-11-12,1,최악임. 결제방법이 진심 분노조절장애ㅋㅋㅋㅋㅋㅋㅋ 서비스 진짜 뭣같다 카카페 이벤트에 속았음요;;;;; 캐시 받으려고 뭔 짓이냐 진짜,
popopire,1,2020-06-23,1,컴퓨터본체 주문시켰는데 쓱은 무슨 4일걸린다해놓고 9일만에도착. 택배사잘못이라고 떠넘기기나하고. 애초에 약속못지킬꺼면 그냥 10일정도 걸린다고 적어놓으면 될것을. 판매사가 모든걸 책임지는거아닌가요? 애초에 쓱 빨리온다고 광고컨셉은 왜 잡으셨는지? 쿠팡은 늦게오면 본점차원에서 대응하고 알아보고연락주던데 여기는 택배사에 알아서 문의해라함. 내가 왠만하면 리뷰안쓰는데 너무 열받아서 씁니다. 무성의한 대응. 책임회피. 쿠팡에 밀리는 이유가있음. 첫 주문부터이러니 다시 이용하고싶은생각이 안듬,
이창화,1,2019-11-03,1,회원가입 sns 시간 초가 라고 해서 다시해도 안되네 회원가입이 어려워서 사용안합니다,
Min K,1,2019-02-23,6,배송도 느리고 안신선해요ㅠ,
블케,1,2019-03-17,4,하....앱 깔으라 광고좀 그만해요 제발... 폰을 쓸수가 없어요...이런 앱 리뷰에 존댓말쓰는 제가 한심하네요...,
이태훈,4,2019-12-24,1,가격좋고 배송도 빠르고 ~~,
Egg,1,2020-01-11,4,진짜 더럽...관리 하나도 안하고 문의도 안받음..,
초코ᄏ,1,2018-11-29,3,어이 님들아 관리똑바로해라 3일전 물품올라와있는거 구매했다 근데 물품배송밀린다길래 참고기다렸다 급해서 빨리했어야하는상황인데 오늘와서야 물품이 품절됬다는 연락이왔는데 이게말이돼냐? 정신차리고살아라 이게무슨피해임 시간5일날리고 쿠팡에서산다 이렇게살지마라 손님을 무슨 흙으로보나 품절된걸 왜 올려두고난리피는거임? 시간은 보항도 쳐안해줄꺼면서 이따구로 할꺼면 앱을만들지마셈;;,
Donald Trump,1,2019-03-12,145,제발 무한광고좀 그만하세요 다른어플 하는 도중에도 어플깔으라고 바이러스로 깔으라하네요 최악.,
Google 사용자,1,2019-03-04,72,처음가입 다운받아 써보려는데 .. 열라짜증입니다. 쿠폰 26개 받아도 5개밖에 안뜨는 이유가 뭔지.. 뭘해도 안되네요. 시간 아깝네요. 탈퇴고민중,
j y,1,2019-10-03,5,로딩이 너무 오래 걸려 주문을 할 수가 없습니다,
wooyoung kim,3,2020-01-30,0,주문상품은 번번히 하루지나면 품절이라는 이유로 죄송하다는 말한마디뿐...ㅉㅉ,
김동혁,1,2019-07-18,18,아이디를 만들어도 회원가입+로그인이 안됨,
Q.H Jeong,1,2018-12-19,10,쓸때마다 로그인을 해야 하네요 너무 불편 ㅡㅡ 이럴거면 뭐하러 어플 써요?,
갓빠재,1,2019-03-26,19,지금 리뷰달고 삭제할건데 한번만 더 팝업으로 처튀어나오면 십빠진짜 핸드폰 뿌신다,
spring kim,5,2020-06-05,2,편하고 좋아요,
돈데크만,1,2019-06-04,2,흥덕점 배송이 매번 1시간30분씩 늦어서 짜증나요... 기사분들이 원인이 아니라 물건 담는분들이 게으름 피워서 10시부터 배송나가야할것을 11시30분에 배송나간데요.. 일하는분들 교육이 필요한것 같네요,
우주유통,1,2019-12-12,3,로그인 계속 오류남 ㅡㅡ,
냥호양이,1,2019-08-08,7,와 이렇게 불편한 UX앱은 처음봐욬ㅋㅋㅋㅋ,
서연,4,2020-06-23,2,잘 쓰고 있었는데 갑자기 닫아버렸네요ㅜㅜ,
김민순,5,2018-11-13,5,아주 좋은 정보 공유할수있도록 함께 즐겨보아요,
Kate Kim,5,2019-11-17,7,쇼핑이 정말 편리해요,
